{"epoch": 0, "loss": 1.043385110002883, "_timestamp": 1712591989.5760617, "_runtime": 149.31529879570007, "_step": 0, "_wandb": {"runtime": 194}}