{"train_loss": 0.740092533497355, "train_accuracy": 0.7946398659966499, "val_loss": 0.6381595772107442, "val_accuracy": 0.8293333333333334, "_timestamp": 1712909164.5718005, "_runtime": 1986.973271369934, "_step": 9, "_wandb": {"runtime": 1985}}