{"train_loss": 0.44665354208730573, "train_accuracy": 0.8619765494137354, "val_loss": 0.28784304976463315, "val_accuracy": 0.9126666666666666, "_timestamp": 1712854447.8618321, "_runtime": 3369.4869301319122, "_step": 1}