{"epoch": 4, "train_loss": 0.2380911203775, "_timestamp": 1712593517.466521, "_runtime": 659.9320549964905, "_step": 9, "valid_loss": 1.4740508139957649}