{"epoch": 1, "loss": 0.5973634648513286, "_timestamp": 1712592491.7659984, "_runtime": 287.1273384094238, "_step": 1, "_wandb": {"runtime": 393}}