{"train_loss": 2.220293268526419, "train_accuracy": 0.5276381909547738, "val_loss": 2.269171470006307, "val_accuracy": 0.49133333333333334, "_timestamp": 1712916962.242454, "_runtime": 510.3693859577179, "_step": 9}