{"epoch": 0, "train_loss": 1.063808391702936, "_timestamp": 1712592778.4166255, "_runtime": 164.80381655693054, "_step": 1, "valid_loss": 1.0222672691687624, "_wandb": {"runtime": 231}}