{"train_loss": 0.13790502771859992, "train_accuracy": 0.9554438860971525, "val_loss": 0.12375492191314698, "val_accuracy": 0.96, "_timestamp": 1713079452.7855341, "_runtime": 44502.15996813774, "_step": 9}