{"train_loss": 1.2779331934911322, "train_accuracy": 0.7721943049574617, "val_loss": 1.2232335817019144, "val_accuracy": 0.7806666669845581, "_timestamp": 1713034664.640321, "_runtime": 5248.913926124573, "_step": 9, "_wandb": {"runtime": 5247}}