{"train_loss": 1.0701181068691976, "train_accuracy": 0.7293132328308207, "val_loss": 0.7628850614229838, "val_accuracy": 0.826, "_timestamp": 1712893246.1259937, "_runtime": 691.3530037403107, "_step": 1}