{"train_loss": 0.5285886265324987, "train_accuracy": 0.8391959798994975, "val_loss": 0.3701568288405736, "val_accuracy": 0.8773333333333333, "_timestamp": 1712910322.7380621, "_runtime": 1149.4106950759888, "_step": 9, "_wandb": {"runtime": 7268}}