{"acc": 0.8270562765385547, "loss": 0.21024169466351164, "_timestamp": 1712590809.379923, "_runtime": 2.5097692012786865, "_step": 7, "_wandb": {"runtime": 0}}