{"train_loss": 2.5734369464056375, "train_accuracy": 0.43283082114991234, "val_loss": 2.4938364219665528, "val_accuracy": 0.5926666661898295, "_timestamp": 1713022220.6713529, "_runtime": 22203.17849779129, "_step": 1}